# command	flags/arity-expression	query-capable
acladd	ARGS_1234	no
aclchg	ARGS_23	no
acldel	ARGS_1	no
aclgrp	ARGS_12	no
aclumask	ARGS_1|ARGS_ORMORE	no
activity	ARGS_1	no
addacl	ARGS_1234	no
allpartial	NEED_DISPLAY|ARGS_1	no
altscreen	ARGS_01	no
at	ARGS_2|ARGS_ORMORE	no
auth	ARGS_1	no
autodetach	ARGS_1	no
autonuke	NEED_DISPLAY|ARGS_1	no
backtick	ARGS_1|ARGS_ORMORE	no
bce	NEED_FORE|ARGS_01	no
bell	ARGS_01	no
bell_msg	ARGS_01	no
bind	ARGS_1|ARGS_ORMORE	no
bindkey	ARGS_0|ARGS_ORMORE	no
blanker	NEED_DISPLAY|ARGS_0	no
blankerprg	ARGS_0|ARGS_ORMORE	no
break	NEED_FORE|ARGS_01	no
breaktype	NEED_FORE|ARGS_01	no
bufferfile	ARGS_01	no
bumpleft	NEED_FORE|ARGS_0	no
bumpright	NEED_FORE|ARGS_0	no
c1	NEED_FORE|ARGS_01	no
caption	ARGS_123	no
chacl	ARGS_23	no
charset	NEED_FORE|ARGS_1	no
chdir	ARGS_01	no
cjkwidth	ARGS_01	no
clear	NEED_FORE|ARGS_0	no
collapse	ARGS_0	no
colon	NEED_LAYER|ARGS_01	no
command	NEED_DISPLAY|ARGS_02	no
compacthist	ARGS_01	no
console	NEED_FORE|ARGS_01	no
copy	NEED_FORE|NEED_DISPLAY|ARGS_0	no
crlf	ARGS_01	no
defautonuke	ARGS_1	no
defbce	ARGS_1	no
defbreaktype	ARGS_01	no
defc1	ARGS_1	no
defcharset	ARGS_01	no
defdynamictitle	ARGS_1	no
defencoding	ARGS_1	no
defescape	ARGS_1	no
defflow	ARGS_12	no
defgr	ARGS_1	no
defhstatus	ARGS_01	no
defkanji	ARGS_1	no
deflog	ARGS_1	no
deflogin	ARGS_1	no
defmode	ARGS_1	no
defmonitor	ARGS_1	no
defmousetrack	ARGS_1	no
defnonblock	ARGS_1	no
defobuflimit	ARGS_1	no
defscrollback	ARGS_1	no
defshell	ARGS_1	no
defsilence	ARGS_1	no
defslowpaste	ARGS_1	no
defutf8	ARGS_1	no
defwrap	ARGS_1	no
defwritelock	ARGS_1	no
detach	NEED_DISPLAY|ARGS_01	no
digraph	NEED_LAYER|ARGS_012	no
dinfo	NEED_DISPLAY|ARGS_0	no
displays	NEED_LAYER|ARGS_0	no
dumptermcap	NEED_FORE|ARGS_0	no
dynamictitle	ARGS_1	no
echo	CAN_QUERY|ARGS_12	yes
encoding	ARGS_12	no
escape	ARGS_1	no
eval	ARGS_1|ARGS_ORMORE	no
exec	ARGS_0|ARGS_ORMORE	no
fit	NEED_DISPLAY|ARGS_0	no
flow	NEED_FORE|ARGS_01	no
focus	NEED_DISPLAY|ARGS_01	no
focusminsize	ARGS_02	no
gr	NEED_FORE|ARGS_01	no
group	NEED_FORE|ARGS_01	no
hardcopy	NEED_FORE|ARGS_012	no
hardcopy_append	ARGS_1	no
hardcopydir	ARGS_01	no
hardstatus	ARGS_012	no
height	ARGS_0123	no
help	NEED_LAYER|ARGS_02	no
history	NEED_DISPLAY|NEED_FORE|ARGS_0	no
hstatus	NEED_FORE|ARGS_1	no
idle	ARGS_0|ARGS_ORMORE	no
ignorecase	ARGS_01	no
info	CAN_QUERY|NEED_LAYER|ARGS_0	yes
kanji	NEED_FORE|ARGS_12	no
kill	NEED_FORE|ARGS_01	no
lastmsg	CAN_QUERY|NEED_DISPLAY|ARGS_0	yes
layout	ARGS_1|ARGS_ORMORE	no
license	NEED_LAYER|ARGS_0	no
lockscreen	NEED_DISPLAY|ARGS_0	no
log	NEED_FORE|ARGS_01	no
logfile	ARGS_012	no
login	NEED_FORE|ARGS_01	no
logtstamp	ARGS_012	no
mapdefault	NEED_DISPLAY|ARGS_0	no
mapnotnext	NEED_DISPLAY|ARGS_0	no
maptimeout	ARGS_01	no
markkeys	ARGS_1	no
meta	NEED_LAYER|ARGS_0	no
monitor	NEED_FORE|ARGS_01	no
mousetrack	NEED_DISPLAY | ARGS_01	no
msgminwait	ARGS_1	no
msgwait	ARGS_1	no
multiinput	ARGS_01	no
multiuser	ARGS_1	no
next	ARGS_0	no
nonblock	NEED_DISPLAY|ARGS_01	no
number	CAN_QUERY|NEED_FORE|ARGS_01	yes
obuflimit	NEED_DISPLAY|ARGS_01	no
only	NEED_DISPLAY|ARGS_0	no
other	ARGS_0	no
parent	ARGS_0	no
partial	NEED_FORE|ARGS_01	no
paste	NEED_LAYER|ARGS_012	no
pastefont	ARGS_01	no
pow_break	NEED_FORE|ARGS_01	no
pow_detach	NEED_DISPLAY|ARGS_01	no
pow_detach_msg	ARGS_01	no
prev	ARGS_0	no
printcmd	ARGS_01	no
process	NEED_DISPLAY|ARGS_01	no
quit	ARGS_01	no
readbuf	ARGS_0123	no
readreg	ARGS_0|ARGS_ORMORE	no
redisplay	NEED_DISPLAY|ARGS_0	no
register	ARGS_24	no
remove	NEED_DISPLAY|ARGS_0	no
removebuf	ARGS_0	no
rendition	ARGS_2	no
reset	NEED_FORE|ARGS_0	no
resize	NEED_DISPLAY|ARGS_0|ARGS_ORMORE	no
screen	ARGS_0|ARGS_ORMORE	no
scrollback	NEED_FORE|ARGS_1	no
select	CAN_QUERY|ARGS_01	yes
sessionname	ARGS_01	no
setenv	ARGS_012	no
setsid	ARGS_1	no
shell	ARGS_1	no
shelltitle	ARGS_1	no
silence	NEED_FORE|ARGS_01	no
silencewait	ARGS_1	no
sleep	ARGS_1	no
slowpaste	NEED_FORE|ARGS_01	no
sorendition	ARGS_012	no
sort	ARGS_0	no
source	ARGS_1	no
split	NEED_DISPLAY|ARGS_01	no
startup_message	ARGS_1	no
status	ARGS_12	no
stuff	NEED_LAYER|ARGS_012	no
su	NEED_DISPLAY|ARGS_012	no
suspend	NEED_DISPLAY|ARGS_0	no
term	ARGS_1	no
termcap	ARGS_23	no
termcapinfo	ARGS_23	no
terminfo	ARGS_23	no
title	CAN_QUERY|NEED_FORE|ARGS_01	yes
truecolor	ARGS_1	no
umask	ARGS_1|ARGS_ORMORE	no
unbindall	ARGS_0	no
unsetenv	ARGS_1	no
utf8	NEED_FORE|ARGS_012	no
vbell	ARGS_01	no
vbell_msg	ARGS_01	no
vbellwait	ARGS_1	no
verbose	ARGS_01	no
version	ARGS_0	no
wall	NEED_DISPLAY|ARGS_1	no
width	ARGS_0123	no
windowlist	ARGS_012	no
windows	CAN_QUERY|ARGS_01	yes
wrap	NEED_FORE|ARGS_01	no
writebuf	ARGS_0123	no
writelock	NEED_FORE|ARGS_01	no
xoff	NEED_LAYER|ARGS_0	no
xon	NEED_LAYER|ARGS_0	no
zmodem	ARGS_012	no
zombie	ARGS_012	no
zombie_timeout	ARGS_1	no
